{
  "annotations": {
    "list": [
      {
        "builtIn": 1,
        "datasource": "-- Grafana --",
        "enable": true,
        "hide": true,
        "iconColor": "rgba(0, 211, 255, 1)",
        "name": "Annotations & Alerts",
        "target": {
          "limit": 100,
          "matchAny": false,
          "tags": [],
          "type": "dashboard"
        },
        "type": "dashboard"
      }
    ]
  },
  "editable": true,
  "fiscalYearStartMonth": 0,
  "gnetId": null,
  "graphTooltip": 1,
  "iteration": 1677877089957,
  "links": [],
  "liveNow": false,
  "panels": [
    {
      "datasource": null,
      "fieldConfig": {
        "defaults": {
          "color": {
            "mode": "thresholds"
          },
          "mappings": [],
          "min": 0,
          "thresholds": {
            "mode": "absolute",
            "steps": [
              {
                "color": "green",
                "value": null
              }
            ]
          },
          "unit": "short"
        },
        "overrides": []
      },
      "gridPos": {
        "h": 4,
        "w": 4,
        "x": 0,
        "y": 0
      },
      "id": 2,
      "options": {
        "colorMode": "value",
        "graphMode": "none",
        "justifyMode": "center",
        "orientation": "auto",
        "reduceOptions": {
          "calcs": [],
          "fields": "",
          "values": false
        },
        "text": {},
        "textMode": "auto"
      },
      "pluginVersion": "8.2.6",
      "targets": [
        {
          "query": "from(bucket: v.defaultBucket)\n  |> range(start: v.timeRangeStart, stop: v.timeRangeStop)\n  |> filter(fn: (r) => r[\"_measurement\"] == \"http_reqs\")\n  |> filter(fn: (r) => r[\"testid\"] =~ /${testid:regex}/)\n  |> filter(fn: (r) => r[\"_field\"] == \"value\")\n  |> group(columns: [\"_measurement\"])\n  |> aggregateWindow(every: v.windowPeriod, fn: sum, createEmpty: false)\n  |> yield(name: \"sum\")",
          "refId": "A"
        }
      ],
      "title": "Requests Made",
      "type": "stat"
    },
    {
      "datasource": null,
      "fieldConfig": {
        "defaults": {
          "color": {
            "mode": "thresholds"
          },
          "mappings": [],
          "min": 0,
          "thresholds": {
            "mode": "absolute",
            "steps": [
              {
                "color": "green",
                "value": null
              },
              {
                "color": "red",
                "value": 1
              }
            ]
          },
          "unit": "short"
        },
        "overrides": []
      },
      "gridPos": {
        "h": 4,
        "w": 4,
        "x": 4,
        "y": 0
      },
      "id": 12,
      "options": {
        "colorMode": "value",
        "graphMode": "none",
        "justifyMode": "center",
        "orientation": "auto",
        "reduceOptions": {
          "calcs": [],
          "fields": "",
          "values": false
        },
        "text": {},
        "textMode": "auto"
      },
      "pluginVersion": "8.2.6",
      "targets": [
        {
          "query": "from(bucket: v.defaultBucket)\n  |> range(start: v.timeRangeStart, stop: v.timeRangeStop)\n  |> filter(fn: (r) => r[\"_measurement\"] == \"http_req_failed\")\n  |> filter(fn: (r) => r[\"testid\"] =~ /${testid:regex}/)\n  |> filter(fn: (r) => r[\"_field\"] == \"value\")\n  |> group(columns: [\"_measurement\"])\n  |> aggregateWindow(every: v.windowPeriod, fn: sum, createEmpty: false)\n  |> yield(name: \"sum\")",
          "refId": "A"
        }
      ],
      "title": "HTTP Failures",
      "type": "stat"
    },
    {
      "datasource": null,
      "fieldConfig": {
        "defaults": {
          "color": {
            "mode": "thresholds"
          },
          "mappings": [],
          "min": 0,
          "thresholds": {
            "mode": "absolute",
            "steps": [
              {
                "color": "green",
                "value": null
              }
            ]
          },
          "unit": "short"
        },
        "overrides": []
      },
      "gridPos": {
        "h": 4,
        "w": 4,
        "x": 8,
        "y": 0
      },
      "id": 13,
      "options": {
        "colorMode": "value",
        "graphMode": "none",
        "justifyMode": "center",
        "orientation": "auto",
        "reduceOptions": {
          "calcs": [
            "max"
          ],
          "fields": "",
          "values": false
        },
        "text": {},
        "textMode": "auto"
      },
      "pluginVersion": "8.2.6",
      "targets": [
        {
          "query": "from(bucket: v.defaultBucket)\n  |> range(start: v.timeRangeStart, stop: v.timeRangeStop)\n  |> filter(fn: (r) => r[\"_measurement\"] == \"http_reqs\")\n  |> filter(fn: (r) => r[\"_field\"] == \"value\")\n  |> filter(fn: (r) => r[\"testid\"] =~ /${testid:regex}/)\n  |> group()\n  |> aggregateWindow(every: v.windowPeriod, fn: sum, createEmpty: false)",
          "refId": "A"
        }
      ],
      "title": "Peak RPS",
      "type": "stat"
    },
    {
      "datasource": null,
      "fieldConfig": {
        "defaults": {
          "color": {
            "mode": "thresholds"
          },
          "mappings": [],
          "min": 0,
          "thresholds": {
            "mode": "absolute",
            "steps": [
              {
                "color": "green",
                "value": null
              }
            ]
          },
          "unit": "ms"
        },
        "overrides": []
      },
      "gridPos": {
        "h": 4,
        "w": 4,
        "x": 12,
        "y": 0
      },
      "id": 14,
      "options": {
        "colorMode": "value",
        "graphMode": "none",
        "justifyMode": "center",
        "orientation": "auto",
        "reduceOptions": {
          "calcs": [],
          "fields": "",
          "values": false
        },
        "text": {},
        "textMode": "auto"
      },
      "pluginVersion": "8.2.6",
      "targets": [
        {
          "query": "from(bucket: v.defaultBucket)\n  |> range(start: v.timeRangeStart, stop:v.timeRangeStop)\n  |> filter(fn: (r) => r._measurement == \"http_req_duration\")\n  |> filter(fn: (r) => r[\"testid\"] =~ /${testid:regex}/)\n  |> filter(fn: (r) => r._field == \"value\")\n  |> group()\n  |> quantile(q: 0.95, method: \"exact_mean\")",
          "refId": "A"
        }
      ],
      "title": "P95 Response Time",
      "type": "stat"
    },
    {
      "datasource": null,
      "fieldConfig": {
        "defaults": {
          "color": {
            "mode": "thresholds"
          },
          "mappings": [],
          "min": 0,
          "thresholds": {
            "mode": "absolute",
            "steps": [
              {
                "color": "green",
                "value": null
              }
            ]
          },
          "unit": "decbytes"
        },
        "overrides": []
      },
      "gridPos": {
        "h": 4,
        "w": 4,
        "x": 16,
        "y": 0
      },
      "id": 15,
      "options": {
        "colorMode": "value",
        "graphMode": "none",
        "justifyMode": "center",
        "orientation": "auto",
        "reduceOptions": {
          "calcs": [],
          "fields": "",
          "values": false
        },
        "text": {},
        "textMode": "auto"
      },
      "pluginVersion": "8.2.6",
      "targets": [
        {
          "query": "from(bucket: v.defaultBucket)\n  |> range(start: v.timeRangeStart, stop:v.timeRangeStop)\n  |> filter(fn: (r) => r._measurement == \"data_received\")\n  |> filter(fn: (r) => r[\"testid\"] =~ /${testid:regex}/)\n  |> filter(fn: (r) => r._field == \"value\")\n  |> group()\n  |> sum()",
          "refId": "A"
        }
      ],
      "title": "Data Received",
      "type": "stat"
    },
    {
      "datasource": null,
      "fieldConfig": {
        "defaults": {
          "color": {
            "mode": "thresholds"
          },
          "mappings": [],
          "min": 0,
          "thresholds": {
            "mode": "absolute",
            "steps": [
              {
                "color": "green",
                "value": null
              }
            ]
          },
          "unit": "decbytes"
        },
        "overrides": []
      },
      "gridPos": {
        "h": 4,
        "w": 4,
        "x": 20,
        "y": 0
      },
      "id": 16,
      "options": {
        "colorMode": "value",
        "graphMode": "none",
        "justifyMode": "center",
        "orientation": "auto",
        "reduceOptions": {
          "calcs": [],
          "fields": "",
          "values": false
        },
        "text": {},
        "textMode": "auto"
      },
      "pluginVersion": "8.2.6",
      "targets": [
        {
          "query": "from(bucket: v.defaultBucket)\n  |> range(start: v.timeRangeStart, stop:v.timeRangeStop)\n  |> filter(fn: (r) => r._measurement == \"data_sent\")\n  |> filter(fn: (r) => r[\"testid\"] =~ /${testid:regex}/)\n  |> filter(fn: (r) => r._field == \"value\")\n  |> group()\n  |> sum()",
          "refId": "A"
        }
      ],
      "title": "Data Sent",
      "type": "stat"
    },
    {
      "datasource": null,
      "fieldConfig": {
        "defaults": {
          "color": {
            "mode": "palette-classic"
          },
          "custom": {
            "axisLabel": "",
            "axisPlacement": "left",
            "barAlignment": 0,
            "drawStyle": "line",
            "fillOpacity": 0,
            "gradientMode": "none",
            "hideFrom": {
              "legend": false,
              "tooltip": false,
              "viz": false
            },
            "lineInterpolation": "linear",
            "lineWidth": 1,
            "pointSize": 5,
            "scaleDistribution": {
              "type": "linear"
            },
            "showPoints": "auto",
            "spanNulls": false,
            "stacking": {
              "group": "A",
              "mode": "none"
            },
            "thresholdsStyle": {
              "mode": "off"
            }
          },
          "displayName": "Avg Response - ${__field.labels.testid}",
          "mappings": [],
          "min": 0,
          "thresholds": {
            "mode": "absolute",
            "steps": [
              {
                "color": "green",
                "value": null
              },
              {
                "color": "red",
                "value": 80
              }
            ]
          },
          "unit": "short"
        },
        "overrides": [
          {
            "matcher": {
              "id": "byFrameRefID",
              "options": "B"
            },
            "properties": [
              {
                "id": "displayName",
                "value": "Active VUs"
              },
              {
                "id": "custom.lineStyle",
                "value": {
                  "dash": [
                    10,
                    10
                  ],
                  "fill": "dash"
                }
              },
              {
                "id": "color",
                "value": {
                  "fixedColor": "orange",
                  "mode": "fixed"
                }
              }
            ]
          },
          {
            "matcher": {
              "id": "byFrameRefID",
              "options": "C"
            },
            "properties": [
              {
                "id": "displayName",
                "value": "RPS"
              }
            ]
          },
          {
            "matcher": {
              "id": "byFrameRefID",
              "options": "A"
            },
            "properties": [
              {
                "id": "unit",
                "value": "ms"
              },
              {
                "id": "custom.axisPlacement",
                "value": "right"
              }
            ]
          }
        ]
      },
      "gridPos": {
        "h": 11,
        "w": 24,
        "x": 0,
        "y": 4
      },
      "id": 11,
      "options": {
        "legend": {
          "calcs": [
            "min",
            "mean",
            "max",
            "lastNotNull"
          ],
          "displayMode": "table",
          "placement": "bottom"
        },
        "tooltip": {
          "mode": "multi"
        }
      },
      "pluginVersion": "8.3.1",
      "targets": [
        {
          "hide": false,
          "query": "from(bucket: v.defaultBucket)\n  |> range(start: v.timeRangeStart, stop:v.timeRangeStop)\n  |> filter(fn: (r) => r._measurement == \"http_req_duration\")\n  |> filter(fn: (r) => r[\"testid\"] =~ /${testid:regex}/)\n  |> filter(fn: (r) => r._field == \"value\")\n  |> filter(fn: (r) => r.status == \"200\")\n  |> aggregateWindow(every: v.windowPeriod, fn: mean, createEmpty: false)\n  |> yield(name: \"mean\")",
          "refId": "A"
        },
        {
          "hide": false,
          "query": "from(bucket: v.defaultBucket)\n  |> range(start: v.timeRangeStart, stop:v.timeRangeStop)\n  |> filter(fn: (r) => r[\"_measurement\"] == \"vus\")",
          "refId": "B"
        },
        {
          "hide": false,
          "query": "from(bucket: v.defaultBucket)\n  |> range(start: v.timeRangeStart, stop: v.timeRangeStop)\n  |> filter(fn: (r) => r[\"_measurement\"] == \"http_reqs\")\n  |> filter(fn: (r) => r[\"testid\"] =~ /${testid:regex}/)\n  |> filter(fn: (r) => r[\"_field\"] == \"value\")\n  |> group(columns: [\"_measurement\"])\n  |> aggregateWindow(every: 1s, fn: sum, createEmpty: false)\n  |> yield(name: \"sum\")",
          "refId": "C"
        }
      ],
      "type": "timeseries"
    }
  ],
  "refresh": false,
  "schemaVersion": 32,
  "style": "dark",
  "tags": [],
  "templating": {
    "list": [
      {
        "allValue": null,
        "current": {
          "selected": false,
          "text": "All",
          "value": "$__all"
        },
        "datasource": null,
        "definition": "import \"influxdata/influxdb/schema\"\nschema.tagValues(bucket: v.defaultBucket, tag: \"testid\")",
        "description": null,
        "error": null,
        "hide": 0,
        "includeAll": true,
        "label": null,
        "multi": false,
        "name": "testid",
        "options": [],
        "query": "import \"influxdata/influxdb/schema\"\nschema.tagValues(bucket: v.defaultBucket, tag: \"testid\")",
        "refresh": 1,
        "regex": "",
        "skipUrlSync": false,
        "sort": 0,
        "type": "query"
      }
    ]
  },
  "time": {
    "from": "now-1h",
    "to": "now"
  },
  "timepicker": {},
  "timezone": "",
  "title": "K6 Test Results",
  "uid": "4sk8QaJVx",
  "version": 1
}