{
  "name": "xk6",
  "image": "mcr.microsoft.com/devcontainers/base:1-bookworm",
  "customizations": {
    "vscode": {
      "settings": {
        "go.lintTool": "golangci-lint",
        "go.lintFlags": ["--fast"]
      },
      "extensions": [
        "EditorConfig.EditorConfig",
        "esbenp.prettier-vscode",
        "github.vscode-github-actions",
        "github.vscode-pull-request-github",
        "jetmartin.bats",
        "mads-hartmann.bash-ide-vscode",
        "foxundermoon.shell-format"
      ]
    }
  },

  "features": {
    "ghcr.io/devcontainers/features/github-cli:1": {},
    "ghcr.io/devcontainers/features/docker-in-docker:2": {},
    "ghcr.io/devcontainers/features/go:1": {
      "version": "1.24",
      "golangciLintVersion": "2.1.2"
    },
    "ghcr.io/guiyomh/features/goreleaser:0": { "version": "2.8.2" },
    "ghcr.io/guiyomh/features/gotestsum:0": { "version": "1.12.1" },
    "ghcr.io/szkiba/devcontainer-features/gosec:1": { "version": "2.22.3" },
    "ghcr.io/szkiba/devcontainer-features/govulncheck:1": { "version": "1.1.4" },
    "ghcr.io/szkiba/devcontainer-features/bats:1": { "version": "1.11.1" },
    "ghcr.io/szkiba/devcontainer-features/cdo:1": { "version": "0.1.2" },
    "ghcr.io/szkiba/devcontainer-features/mdcode:1": { "version": "0.2.0" },
    "ghcr.io/devcontainers-extra/features/eget:1": { "version": "1.3.4" }
  },

  "remoteEnv": {
    "GH_TOKEN": "${localEnv:GH_TOKEN}",
    "GITHUB_TOKEN": "${localEnv:GITHUB_TOKEN}"
  },

  "postCreateCommand": {
    "yq": "eget -t v4.45.1 -a ^.tar.gz --to=/go/bin/ mikefarah/yq",
    "jq": "eget -t 1.7.1 -a linux64 --to=/go/bin/ jqlang/jq",
    "go-jsonschema": "eget -t v0.18.0 --to=/go/bin/ omissis/go-jsonschema"
  }
}
